structure,pose,is_reference,rmsd_to_reference_A,vina_score,dg,residence,releases,CNNscore,CNNaffinity,CNNvariance,minimizedAffinity,Affinity
ox2_shuffle,0,1,0.0,,,,,0.4526593387,3.4647405148,,,
ox2_shuffle,1,0,6.03,-4.5,,,,0.4559978843,3.4218578339,,-4.57655,
ox2_shuffle,2,0,9.588,-4.4,,,,0.3562034369,3.2189481258,,-4.43736,
ox2_shuffle,3,0,10.485,-4.3,,,,0.3416892886,3.4845664501,,-4.26800,
ox2_shuffle,4,0,8.2,-4.2,,,,0.5246346593,3.7152183056,,-4.39203,
ox2_shuffle,5,0,5.809,-4.2,,,,0.4333367050,3.4575402737,,-4.59677,
ox2_shuffle,6,0,10.082,-4.0,,,,0.3229171038,3.1722042561,,-4.02664,
ox2_shuffle,7,0,9.445,-4.0,,,,0.2713651061,2.8664786816,,-4.10447,
ox2_shuffle,8,0,6.009,-4.0,,,,0.4609644115,3.4146521091,,-4.47810,
ox2_shuffle,9,0,11.302,-4.0,,,,0.4373742342,3.2743766308,,-4.09890,
ox2_shuffle_esm0,0,1,0.0,,,,,0.8170341253,5.2023320198,,,
ox2_shuffle_esm0,1,0,5.343,-5.3,,,,0.3317195773,3.6829345226,,-5.46891,
ox2_shuffle_esm0,2,0,5.499,-5.2,,,,0.6038394570,3.3188674450,,-5.38812,
ox2_shuffle_esm0,3,0,5.493,-5.1,,,,0.3143926263,3.4791736603,,-5.23741,
ox2_shuffle_esm0,4,0,6.078,-4.9,,,,0.7203395963,4.6028013229,,-4.98800,
ox2_shuffle_esm0,5,0,2.321,-4.8,,,,0.7469712496,4.1397557259,,-4.93259,
ox2_shuffle_esm0,6,0,7.019,-4.8,,,,0.2849850953,3.4446728230,,-4.94431,
ox2_shuffle_esm0,7,0,5.987,-4.7,,,,0.6205353737,3.8921210766,,-4.88235,
ox2_shuffle_esm0,8,0,6.739,-4.7,,,,0.6282967329,4.2419362068,,-4.81492,
ox2_shuffle_esm0,9,0,5.998,-4.6,,,,0.7252275944,4.7695012093,,-4.98532,
